/* INSERTAR DATOS DEPARTAMENTO*/

INSERT INTO DEPARTAMENTO VALUES 
(11111, 'RECURSOS HUMANOS'),
(22222, 'PROGRAMAS'),
(33333, 'PRODUCCION'),
(44444, 'FINANZAS'),
(55555, 'BODEGA'),
(66666, 'SEGUIMIENTO Y EVALUACION'),
(77777, 'AUDITORIA'),
(88888, 'GERENCIA'),
(99999, 'SEGURIDAD'),
(10101, 'SISTEMAS'),
(10102, 'MANTENIMIENTO'),
(10103, 'MONITOREO'),
(10104, 'LINEA DE PRODUCCION'),
(10105, 'CALIDAD'),
(10106, 'LOGISTICA')

SELECT * FROM DEPARTAMENTO

INSERT INTO PAIS VALUES 
(11111, 'AMERICA', 'GAUTEMALA'),
(22222, 'AMERICA','EL SALVADOR'),
(33333, 'AMERICA','HONDURAS'),
(44444, 'AMERICA','BRAZIL'),
(55555, 'AMERICA','NICARAGUA'),
(66666, 'AMERICA','COSTA RICA'),
(77777, 'AMERICA','PANAMA'),
(88888, 'EUROPA','ESPAÑA' ),
(99999, 'EUROPA','ITALIA'),
(10101, 'EUROPA','HOLANDA'),
(10102, 'EUROPA','REINO UINIDO'),
(10103, 'ASIA','JAPON'),
(10104, 'ASIA','CHINA'),
(10105, 'ASIA','INDIA'),
(10106, 'ASIA','TURQUIA')

SELECT * FROM PAIS

INSERT INTO VEHICULO VALUES 
(11111, 'TOYOTA', 1.6, 'YYARIS', 2007, 1.0, 'SEDAN'),
(22222, 'TOYOTA', 1.1, 'YARIS', 2011, 1.6, 'SEDAN'),
(33333, 'TOYOTA', 1.6, 'PLATZ', 2003, 1.8, 'SEDAN'),
(44444, 'TOYOTA', 2.0, 'PREVIA', 2019, 3.0, 'AGRICOLA'),
(55555, 'TOYOTA', 1.8, 'AURIS', 2014, 1.5, 'CAMION'),
(66666, 'CHEVROLET', 1.6, 'AVEO', 2009, 1.6, 'SEDAN'),
(77777, 'CHEVROLET', 1.2, 'EQUIOX', 2019, 2.0, 'AGRICOLA'),
(88888, 'CHEVROLET', 1.9, 'TAHOE', 2015, 3.0, 'AGRICOLA'),
(99999, 'CHEVROLET', 1.4, 'CAMARO', 2016, 3.1, 'SEDAN'),
(10101, 'CHEVROLET', 1.9, 'MALIBU', 2014, 2.5, 'HATCHBACK'),
(10102, 'NISSAN', 1.6, 'MICRA', 2007, 1.0, 'SEDAN'),
(10103, 'NISSAN', 1.6, 'NP-300', 2017, 3.0, 'PICKUP'),
(10104, 'NISSAN', 1.6, 'NISMO', 2000, 2.1, 'SEDAN'),
(10105, 'NISSAN', 1.6, 'LEAF', 2014, 2.0, 'AGRICOLA'),
(10106, 'NISSAN', 1.2, 'NAVARRA', 2020, 2.0, 'PICKUP')

SELECT * FROM VEHICULO


INSERT INTO EMPLEADO VALUES 
(11111, 11111, 'MARIO', 'PEREZ', 'ADMINISTRADOR',  'mario.perez@empresa.com', 56585957, 'LUIS CASTRO'),
(22222, 22222, 'FERNANDO', 'MARTINEZ', 'ADMINISTRADOS 2',  'fernando.martinez@empresa.com', 45698575, 'JOSE MENDEZ'),
(33333, 33333, 'JORGE', 'FIGUERO', 'CONTADOR',  'jorge.figueroa@empresa.com', 52659845, 'LUISA SAMAYOA'),
(44444, 44444, 'DANY', 'TURCIOS', 'AUDITOR',  'dany.turcios@empresa.com', 56545258, 'ALVARO JUAREZ'),
(55555, 55555, 'MARCO', 'JUAREZ', 'ASISTENTE DE RRHH',  'marco.juarez@empresa.com', 85659898, 'ESTEFAN CONTRERAS'),
(66666, 66666, 'ANDREA', 'CARDOZA', 'JEFE DE OPERACIONES',  'andrea.cardoza@empresa.com', 45656362, 'ALVARO MAYEN'),
(77777, 77777, 'FERNANDO', 'QUEZADA', 'GERENTE',  'fernando.quezada@empresa.com', 85869875, 'MARIO PEREZ'),
(88888, 88888, 'AUGUTO', 'PINOCHET', 'GERENTE DE OPERACIONES',  'augusto.pinochet@empresa.com', 56565845, 'ROBERTO BOLAÑOS'),
(99999, 99999, 'ERIVERTO', 'VASQUEZ', 'ADMINISTRADOR',  'eriverto.vasquez@empresa.com', 23232556, 'JOSE MENDEZ'),
(10101, 10101, 'YESENIA', 'ALVAREZ', 'JEFE DE SEGURIDAD',  'yesenia.alvarez@empresa.com', 56585945, 'MAURICIO CASASOLA'),
(10102, 10102, 'JULIO', 'JUAREZ', 'JEFE DE IT',  'julio.juarez@empresa.com', 32363548, 'LUISA SAMAYOA'),
(10103, 10103, 'ALBERTO', 'GIGANTUS', 'GERENTE DE PRODUCCION',  'alberto.gigantus@empresa.com', 23255468, 'ALVARO JUAREZ'),
(10104, 10104, 'FERNANDO', 'QUEZADA', 'JEFE DE OPERACIONES 2',  'alberto.quezada@empresa.com', 45426595, 'JOSE MENDEZ'),
(10105, 10105, 'OLGA', 'TAÑON', 'GERENTE SEGUIMIENTO',  'olga.tañon@empresa.com', 45589563, 'LUIS CASTRO'),
(10106, 10106, 'JULIO', 'CONTRERAS', 'GERENTE GENERAL',  'julio.contreras@empresa.com', 45589563, '')

SELECT * FROM EMPLEADO



INSERT INTO PROVEEDOR VALUES 
(11111, 11111, 'REPUESTOS LOS 3', 'mario.perez@empresa.com', 56585957, 'Avenida siempre viva, zona franca'),
(22222, 22222, 'REPUESTOS LA CASACA',  'fernando.martinez@empresa.com', 45698575, 'callejon del Boliche Avenida de las demochacia bodega no. 23'),
(33333, 33333, 'VENTA DE CARROS EL EXCELENETE',  'jorge.figueroa@empresa.com', 52659845, 'Casa de la Asuncion 34-76, Estado de NOMINACION'),
(44444, 44444, 'CONCESIONARIO EL NEED FOR SPEED ',  'dany.turcios@empresa.com', 56545258, 'Central de respuestos SHINOZAKI volevard LA FRNCESA No. 456'),
(55555, 55555, 'CENTAL TOYOTA DEL PAIS',  'marco.juarez@empresa.com', 85659898, 'Avenida automivilista y calle del espectador Id 4569'),
(66666, 66666, 'FUENTES DEL PARAISO COLADO',  'andrea.cardoza@empresa.com', 45656362, 'Calzada la constitucion y avenida Aquino central de la ciudad'),
(77777, 77777, 'NISSAN Y MUCHO MAS',  'fernando.quezada@empresa.com', 85869875, 'Clounding st. 456 State de Prouving'),
(88888, 88888, 'VEHICULOS DE TODOS S.A.',  'augusto.pinochet@empresa.com', 56565845, 'Calle el conejo y avendia 45 ciudad De Dios  '),
(99999, 99999, 'EL VEHICULO FELIZ',  'eriverto.vasquez@empresa.com', 23232556, 'California de las cosas y avenida de las llantas '),
(10101, 10101, 'TRANSPOSTED LOS PESADOS',  'yesenia.alvarez@empresa.com', 56585945, 'LA sequia kinki bodegas las flores, fabrica de vehiculos'),
(10102, 10102, 'REPUESTOS LA LUNA',  'julio.juarez@empresa.com', 32363548, '45 Calle y avenida de Aquino bodega Hay quine viva'),
(10103, 10103, 'LAS COSAS DE MOTORES',  'alberto.gigantus@empresa.com', 23255468, 'Casa de papel y avenida las mafias en el cetro de la ciudad'),
(10104, 10104, 'CONTRATOS COMPLETOS',  'alberto.quezada@empresa.com', 45426595, 'Casa 34 Carretera al la ruinas de Las cvilizacion perdida'),
(10105, 10105, 'EMBARCADORA LA FUERTE',  'olga.tañon@empresa.com', 45589563, 'Muelle 34 zona sur de el parqueadero'),
(10106, 10106, 'TRANSPORTES LAS CORTINAS',  'julio.contreras@empresa.com', 45589563, 'La Rue Broca y salones la conferencia en ciudad industrial')

SELECT * FROM PROVEEDOR


INSERT INTO EMBARQUE VALUES 
(11111, 11111,11111,858,'2008-11-11', '2008-11-11', 11111, 'AEREO', 4852698,  'R',11111),
(22222, 22222,22222,50,'2020-05-05', '2020-10-25', 22222, 'MARITIMO', 9856254,  'V', 22222),
(33333, 33333,33333,12,'2019-01-11', '2019-06-23', 33333, 'MARITIMO', 56895657,  'V', 33333),
(44444, 44444,44444,14523,'2018-03-01', '2018-11-04', 44444, 'TERRESTRE', 56985,  'V', 44444),
(55555, 55555,55555,459,'2017-11-21', '2018-05-26', 55555, 'MARITIMO', 895689,  'R', 55555),
(66666, 66666,66666,256,'2014-12-24', '2015-05-11', 66666, 'TERRESTE', 456983,  'R', 66666),
(77777, 77777,77777,858,'2008-11-11', '2008-11-11', 77777, 'AEREO', 4852698,  'R', 77777),
(88888, 88888,88888,50,'2020-05-05', '2020-10-25', 88888, 'MARITIMO', 9856254,  'V', 88888),
(99999, 99999,99999,12,'2019-01-11', '2019-06-23', 99999, 'MARITIMO', 56895657,  'V', 99999),
(10101, 10101,10101,14523,'2018-03-01', '2018-11-04', 10101, 'TERRESTRE', 56985,  'V', 10101),
(10102, 10102,10102,459,'2017-11-21', '2018-05-26', 10102, 'MARITIMO', 895689,  'R', 10102),
(10103, 10103,10103,256,'2014-12-24', '2015-05-11', 10103, 'TERRESTE', 456983,  'R', 10103),
(10104, 10104,10104,50,'2020-05-05', '2020-10-25', 10104, 'MARITIMO', 9856254,  'V', 10104),
(10105, 10105,10105,12,'2019-01-11', '2019-06-23', 10105, 'MARITIMO', 56895657,  'V', 10105),
(10106, 10106,10106,14523,'2018-03-01', '2018-11-04', 10106, 'TERRESTRE', 56985,  'V', 10106)

SELECT * FROM EMBARQUE


INSERT INTO ARTICULO VALUES 
(11111, 11111,11111,'R','TARJETA ELECTRICA', '1', 546.32, 'JAPON', 36,  11111),
(22222, 22222,22222,'R','SEGUROS PARA CHASIS', '1', 326.21, 'JAPON', 6,  22222),
(33333, 33333,33333,'R','BLOQUE DE MOTOR', '1', 12895, 'JAPON', 2,  33333),
(44444, 44444,44444,'V','TOYOTA YARIS 2019', '1', 125365.25, 'JAPON', 6,  44444),
(55555, 55555,55555,'V','CHEVROLET AVEO 2021', '1', 86365.25, 'MEXICO', 12,  55555),
(66666, 66666,66666,'V','NISSAN FRONTIER 2020', '1', 215236.25, 'JAPON', 4,  66666),
(77777, 77777,77777,'R','SISTEMAS DE CONTROL', '1', 10456, 'CHINA', 23,  77777),
(88888, 88888,88888,'R','JUEGO DE PISTONES', '1', 4568.23, 'INDIA', 6,  88888),
(99999, 99999,99999,'R','KIT PARA VEHICULO', '1', 12365, 'USA', 45,  99999),
(10101, 10101,10101,'R','ACEITERA Y ACCESORIOS', '1', 3658, 'JAPON', 6,  10101),
(10102, 10102,10102,'R','MOTOR EN PIEZAS', '1', 4698.25, 'JAPON', 58,  10102),
(10103, 10103,10103,'R','TABLERO Y SISTEMA ELECTRICO', '1', 3658, 'TAILANDIA', 45,  10103),
(10104, 10104,10104,'R','ACEITERA Y ACCESORIOS', '1', 3658, 'JAPON', 56,  10104),
(10105, 10105,10105,'R','CARROCERIA EL BLOQUES', '1', 46985, 'ARGENTINA', 56,  10105),
(10106, 10106,10106,'R','SISTEMAS DE SEGURIDAD', '1', 3659, 'JAPON', 74,  10106)

SELECT * FROM ARTICULO

INSERT INTO ARTICULO_PROVEEDOR VALUES 
(11111, 11111,11111,11111),
(22222, 22222,22222,22222),
(33333, 33333,33333,33333),
(44444, 44444,44444,44444),
(55555, 55555,55555,55555),
(66666, 66666,66666,66666),
(77777, 77777,77777,77777),
(88888, 88888,88888,88888),
(99999, 99999,99999,99999),
(10101, 10101,10101,10101),
(10102, 10102,10102,10102),
(10103, 10103,10103,10103),
(10104, 10104,10104,10104),
(10105, 10105,10105,10105),
(10106, 10106,10106,10106)

SELECT * FROM ARTICULO_PROVEEDOR